measure,location,sex,age,cause,metric,year,val,upper,lower
Deaths,United States of America,Male,All ages,Opioid use disorders,Rate,1993,3.129046870513589,3.2777552380827375,2.9922987858130456
Deaths,United States of America,Female,All ages,Opioid use disorders,Rate,1993,1.1112972184275864,1.1529606488643742,1.0683585479721267
Deaths,United States of America,Both,All ages,Opioid use disorders,Rate,1993,2.097880132220166,2.1907445199367976,2.0166267242151017
Deaths,United States of America,Male,All ages,Opioid use disorders,Rate,1990,2.5676706495494495,2.7012033086758147,2.451929266866837
Deaths,United States of America,Female,All ages,Opioid use disorders,Rate,1990,0.9037643826734434,0.9379554488527826,0.8697146708436874
Deaths,United States of America,Both,All ages,Opioid use disorders,Rate,1990,1.7161122550860617,1.7936134547870084,1.6465399079311784
Deaths,United States of America,Male,All ages,Opioid use disorders,Rate,1991,2.676235959279912,2.8095351834683693,2.554041670977536
Deaths,United States of America,Female,All ages,Opioid use disorders,Rate,1991,0.9514564871892455,0.9886249642793571,0.9155073662729192
Deaths,United States of America,Both,All ages,Opioid use disorders,Rate,1991,1.7939219818009873,1.8708585230835373,1.7180411155815074
Deaths,United States of America,Male,All ages,Opioid use disorders,Rate,1992,2.87054893657394,3.006641872632447,2.7471879653061064
Deaths,United States of America,Female,All ages,Opioid use disorders,Rate,1992,1.007859583761034,1.0474650264992749,0.9684410918160242
Deaths,United States of America,Both,All ages,Opioid use disorders,Rate,1992,1.918149214893739,2.001049088806116,1.843361499941349
Deaths,United States of America,Male,All ages,Opioid use disorders,Rate,1994,3.3424471369493816,3.4945119306487094,3.198889734933818
Deaths,United States of America,Female,All ages,Opioid use disorders,Rate,1994,1.2085258602316893,1.2568091581803627,1.1620648280819772
Deaths,United States of America,Both,All ages,Opioid use disorders,Rate,1994,2.2524735046518094,2.3476271124236487,2.1633589252209484
Deaths,United States of America,Male,All ages,Opioid use disorders,Rate,1995,3.562769641432986,3.7199913732156547,3.420973743207024
Deaths,United States of America,Female,All ages,Opioid use disorders,Rate,1995,1.290770172809833,1.3404922759381348,1.2410426763217477
Deaths,United States of America,Both,All ages,Opioid use disorders,Rate,1995,2.402897172400631,2.497116078472579,2.3137702938225098
Deaths,United States of America,Male,All ages,Opioid use disorders,Rate,1997,4.130589166707488,4.3015499829266854,3.9687016870289624
Deaths,United States of America,Female,All ages,Opioid use disorders,Rate,1997,1.5368704203256558,1.5922936694355256,1.4813921999862916
Deaths,United States of America,Both,All ages,Opioid use disorders,Rate,1997,2.8080971881841057,2.905405341748186,2.7126840819549654
Deaths,United States of America,Male,All ages,Opioid use disorders,Rate,1996,3.7818012352154002,3.950305177173724,3.6309667130679517
Deaths,United States of America,Female,All ages,Opioid use disorders,Rate,1996,1.408325662539492,1.4622953219357755,1.3577711377512611
Deaths,United States of America,Both,All ages,Opioid use disorders,Rate,1996,2.5708239409629132,2.6683163787482274,2.478406703230105
Deaths,United States of America,Male,All ages,Opioid use disorders,Rate,1998,4.495502223638317,4.683419118430423,4.326000488964168
Deaths,United States of America,Female,All ages,Opioid use disorders,Rate,1998,1.6956590277529409,1.7525388784187965,1.6339073930630337
Deaths,United States of America,Both,All ages,Opioid use disorders,Rate,1998,3.0688562185070225,3.170859795349517,2.970503093391669
Deaths,United States of America,Male,All ages,Opioid use disorders,Rate,1999,4.948134978675614,5.14407467287851,4.766624878714186
Deaths,United States of America,Female,All ages,Opioid use disorders,Rate,1999,1.921914004599364,1.9826291626650725,1.8615448564756656
Deaths,United States of America,Both,All ages,Opioid use disorders,Rate,1999,3.4071292522245886,3.513836349475504,3.3007972627947404
Deaths,United States of America,Male,All ages,Opioid use disorders,Rate,2000,5.417007110230977,5.625209781551126,5.233101975125002
Deaths,United States of America,Female,All ages,Opioid use disorders,Rate,2000,2.1833179657347044,2.2514021476986845,2.1150137426253557
Deaths,United States of America,Both,All ages,Opioid use disorders,Rate,2000,3.771359982755174,3.894008834855255,3.6604371170499728
Deaths,United States of America,Male,All ages,Opioid use disorders,Rate,2001,5.967828617630663,6.204593252392591,5.731379198303738
Deaths,United States of America,Female,All ages,Opioid use disorders,Rate,2001,2.504102633954462,2.582950257971352,2.421108817526787
Deaths,United States of America,Both,All ages,Opioid use disorders,Rate,2001,4.206058554373134,4.350097885133046,4.0680613030639075
Deaths,United States of America,Male,All ages,Opioid use disorders,Rate,2002,6.7644060177885805,7.041488138653115,6.469133665146579
Deaths,United States of America,Female,All ages,Opioid use disorders,Rate,2002,2.900001595042663,2.997868890855596,2.7981790104424467
Deaths,United States of America,Both,All ages,Opioid use disorders,Rate,2002,4.799740371633457,4.971700880251692,4.623893379307379
Deaths,United States of America,Male,All ages,Opioid use disorders,Rate,2003,7.53714012558826,7.858057215634869,7.2080900636219125
Deaths,United States of America,Female,All ages,Opioid use disorders,Rate,2003,3.253170965126715,3.3677905789188505,3.134905896640739
Deaths,United States of America,Both,All ages,Opioid use disorders,Rate,2003,5.3600006381893275,5.556123779816196,5.157440536882685
Deaths,United States of America,Male,All ages,Opioid use disorders,Rate,2004,8.187945934960116,8.529136865189802,7.843698534237603
Deaths,United States of America,Female,All ages,Opioid use disorders,Rate,2004,3.5500090194469176,3.6870811978629154,3.423265968177227
Deaths,United States of America,Both,All ages,Opioid use disorders,Rate,2004,5.83166386568077,6.048677032120753,5.608598014484541
Deaths,United States of America,Male,All ages,Opioid use disorders,Rate,2005,8.821469481004304,9.210688018730892,8.406132415124924
Deaths,United States of America,Female,All ages,Opioid use disorders,Rate,2005,3.8903029868439334,4.043293644583818,3.7377220482460176
Deaths,United States of America,Both,All ages,Opioid use disorders,Rate,2005,6.316830828158887,6.569406975362282,6.065267619891076
Deaths,United States of America,Male,All ages,Opioid use disorders,Rate,2006,9.22338647780389,9.636724935550102,8.761048982672351
Deaths,United States of America,Female,All ages,Opioid use disorders,Rate,2006,4.226865699697699,4.4046782642641675,4.057025993053976
Deaths,United States of America,Both,All ages,Opioid use disorders,Rate,2006,6.685984038712922,6.958809691117284,6.4191527938087845
Deaths,United States of America,Male,All ages,Opioid use disorders,Rate,2008,9.46866864777765,9.838031888786235,9.122199459779695
Deaths,United States of America,Female,All ages,Opioid use disorders,Rate,2008,4.841470416755423,5.034166771737709,4.6349043017456815
Deaths,United States of America,Both,All ages,Opioid use disorders,Rate,2008,7.11925903500894,7.375972498689982,6.8782491653280164
Deaths,United States of America,Male,All ages,Opioid use disorders,Rate,2009,9.61757395698371,9.979424131201558,9.262490037294222
Deaths,United States of America,Female,All ages,Opioid use disorders,Rate,2009,5.233540552363631,5.40857077845209,5.037445812229043
Deaths,United States of America,Both,All ages,Opioid use disorders,Rate,2009,7.391684470881116,7.642542364093728,7.1501678292710364
Deaths,United States of America,Male,All ages,Opioid use disorders,Rate,2007,9.359084816057772,9.760005366456129,8.962800651452435
Deaths,United States of America,Female,All ages,Opioid use disorders,Rate,2007,4.519699468862643,4.70289806208352,4.336051650379424
Deaths,United States of America,Both,All ages,Opioid use disorders,Rate,2007,6.90177271879395,7.162392886326952,6.652013538261321
Deaths,United States of America,Male,All ages,Opioid use disorders,Rate,2010,9.916248379474556,10.49176902456306,9.501138800340707
Deaths,United States of America,Female,All ages,Opioid use disorders,Rate,2010,5.5674237838072225,5.7452496007124525,5.380492665275921
Deaths,United States of America,Both,All ages,Opioid use disorders,Rate,2010,7.708233737197556,8.049390743256488,7.43714654597463
Deaths,United States of America,Male,All ages,Opioid use disorders,Rate,2011,10.543969531987642,11.226388642115314,10.103382278807564
Deaths,United States of America,Female,All ages,Opioid use disorders,Rate,2011,5.926847541782418,6.090320106271256,5.753692787436327
Deaths,United States of America,Both,All ages,Opioid use disorders,Rate,2011,8.199710732112036,8.579362543523288,7.921942122634833
Deaths,United States of America,Male,All ages,Opioid use disorders,Rate,2012,11.204383673237302,12.047974671401384,10.694008515652403
Deaths,United States of America,Female,All ages,Opioid use disorders,Rate,2012,6.206149973320011,6.384099060182147,6.035432461829665
Deaths,United States of America,Both,All ages,Opioid use disorders,Rate,2012,8.666591618779698,9.113918997343278,8.339142198849515
Deaths,United States of America,Male,All ages,Opioid use disorders,Rate,2013,12.185066993136665,13.182068967073423,11.56196736806339
Deaths,United States of America,Female,All ages,Opioid use disorders,Rate,2013,6.558353389577923,6.777028794729629,6.363879404522664
Deaths,United States of America,Both,All ages,Opioid use disorders,Rate,2013,9.328102464025353,9.832519753516605,8.945818418996017
Deaths,United States of America,Male,All ages,Opioid use disorders,Rate,2014,13.50697276469448,14.649132330432199,12.768402378601396
Deaths,United States of America,Female,All ages,Opioid use disorders,Rate,2014,7.031828298413304,7.304614559847005,6.800247845382739
Deaths,United States of America,Both,All ages,Opioid use disorders,Rate,2014,10.219108388368007,10.783410623128171,9.783345527955255
Deaths,United States of America,Male,All ages,Opioid use disorders,Rate,2015,15.332056870095197,16.515820641908434,14.557651907733067
Deaths,United States of America,Female,All ages,Opioid use disorders,Rate,2015,7.594850205443412,7.936898847945004,7.302804208628985
Deaths,United States of America,Both,All ages,Opioid use disorders,Rate,2015,11.403154399266745,11.980476118976453,10.955940120239132
Deaths,United States of America,Male,All ages,Opioid use disorders,Rate,2016,17.573137188342546,18.705356253490976,16.87762273097603
Deaths,United States of America,Female,All ages,Opioid use disorders,Rate,2016,8.264313063470391,8.673890001953227,7.903646303083019
Deaths,United States of America,Both,All ages,Opioid use disorders,Rate,2016,12.84563478585982,13.390936240641294,12.417513178978352
Deaths,United States of America,Male,All ages,Opioid use disorders,Rate,2017,19.080817228274295,20.417934849293076,18.26447800239409
Deaths,United States of America,Female,All ages,Opioid use disorders,Rate,2017,8.326193522331664,8.977356412495263,7.8233471833258035
Deaths,United States of America,Both,All ages,Opioid use disorders,Rate,2017,13.618017854813237,14.187615547018066,13.120391544977585
Deaths,United States of America,Male,All ages,Opioid use disorders,Rate,2018,19.645216584969916,20.816254384366648,18.759611762583752
Deaths,United States of America,Female,All ages,Opioid use disorders,Rate,2018,8.410514538439427,9.141447569918832,7.841248663783544
Deaths,United States of America,Both,All ages,Opioid use disorders,Rate,2018,13.937002686703151,14.460573326600048,13.3957508261953
Deaths,United States of America,Male,All ages,Opioid use disorders,Rate,2019,20.590959694246113,21.910147270448192,19.4924985652248
Deaths,United States of America,Female,All ages,Opioid use disorders,Rate,2019,8.474252810127958,9.24125588897504,7.896294267846333
Deaths,United States of America,Both,All ages,Opioid use disorders,Rate,2019,14.432847837965285,15.014081950259763,13.838870778362615
